{"cameraMode":{"drawMode":0,"name":"Shaded","section":"Shading Mode"},"sceneLighting":false,"audioPlay":false,"sceneViewState":{"m_AlwaysRefresh":false,"showFog":true,"showSkybox":false,"showFlares":true,"showImageEffects":true,"showParticleSystems":true,"showVisualEffectGraphs":true,"m_FxEnabled":true},"in2DMode":false,"pivot":{"x":-0.4021664559841156,"y":1.0401692390441895,"z":2.5195722579956056},"rotation":{"x":0.0017808642005547882,"y":-0.9982039332389832,"z":0.04825940728187561,"w":0.036555007100105289},"size":1.7525875568389893,"orthographic":false}