{"cameraMode":{"drawMode":0,"name":"Shaded","section":"Shading Mode"},"sceneLighting":false,"audioPlay":false,"sceneViewState":{"m_AlwaysRefresh":false,"showFog":true,"showSkybox":false,"showFlares":true,"showImageEffects":true,"showParticleSystems":true,"showVisualEffectGraphs":true,"m_FxEnabled":true},"in2DMode":false,"pivot":{"x":-0.5405176281929016,"y":0.8631353974342346,"z":0.2649070620536804},"rotation":{"x":0.07367363572120667,"y":0.04367683455348015,"z":-0.0032428246922791006,"w":0.9963585734367371},"size":1.84636390209198,"orthographic":false}