{"cameraMode":{"drawMode":1,"name":"Wireframe","section":"Shading Mode"},"sceneLighting":false,"audioPlay":false,"sceneViewState":{"m_AlwaysRefresh":false,"showFog":true,"showSkybox":false,"showFlares":true,"showImageEffects":true,"showParticleSystems":true,"showVisualEffectGraphs":true,"m_FxEnabled":true},"in2DMode":false,"pivot":{"x":-0.7855464816093445,"y":0.9702588319778442,"z":15.281768798828125},"rotation":{"x":0.09812957048416138,"y":-0.7468891739845276,"z":0.11312497407197952,"w":0.6479754447937012},"size":2.4913980960845949,"orthographic":false}