{"cameraMode":{"drawMode":0,"name":"Shaded","section":"Shading Mode"},"sceneLighting":true,"audioPlay":false,"sceneViewState":{"m_AlwaysRefresh":false,"showFog":true,"showSkybox":true,"showFlares":true,"showImageEffects":true,"showParticleSystems":true,"showVisualEffectGraphs":true,"m_FxEnabled":true},"in2DMode":false,"pivot":{"x":-29.749574661254884,"y":-6.970911026000977,"z":-0.020858457311987878},"rotation":{"x":0.15221145749092103,"y":-0.6532007455825806,"z":0.13638091087341309,"w":0.7291650176048279},"size":12.124356269836426,"orthographic":false}