{"cameraMode":{"drawMode":0,"name":"Shaded","section":"Shading Mode"},"sceneLighting":false,"audioPlay":false,"sceneViewState":{"m_AlwaysRefresh":false,"showFog":true,"showSkybox":false,"showFlares":true,"showImageEffects":true,"showParticleSystems":true,"showVisualEffectGraphs":true,"m_FxEnabled":true},"in2DMode":false,"pivot":{"x":-12.63752269744873,"y":12.95222282409668,"z":-16.881650924682618},"rotation":{"x":-0.00031008434598334134,"y":-0.9995567798614502,"z":0.009306056424975396,"w":-0.030888915061950685},"size":9.530660629272461,"orthographic":false}