{"cameraMode":{"drawMode":0,"name":"Shaded","section":"Shading Mode"},"sceneLighting":false,"audioPlay":false,"sceneViewState":{"m_AlwaysRefresh":false,"showFog":true,"showSkybox":false,"showFlares":true,"showImageEffects":true,"showParticleSystems":true,"showVisualEffectGraphs":true,"m_FxEnabled":true},"in2DMode":false,"pivot":{"x":1.7564624547958375,"y":-1.4306527376174927,"z":1.006247639656067},"rotation":{"x":0.25770387053489687,"y":0.4691041111946106,"z":-0.14526380598545075,"w":0.8321644067764282},"size":1.9799094200134278,"orthographic":false}