{"cameraMode":{"drawMode":0,"name":"Shaded","section":"Shading Mode"},"sceneLighting":false,"audioPlay":false,"sceneViewState":{"m_AlwaysRefresh":false,"showFog":true,"showSkybox":false,"showFlares":true,"showImageEffects":true,"showParticleSystems":true,"showVisualEffectGraphs":true,"m_FxEnabled":true},"in2DMode":false,"pivot":{"x":3.2060835361480715,"y":1.565868854522705,"z":25.143577575683595},"rotation":{"x":-0.045873988419771197,"y":0.6872661113739014,"z":-0.04357080161571503,"w":-0.7236775755882263},"size":0.6389392614364624,"orthographic":false}