{"cameraMode":{"drawMode":0,"name":"Shaded","section":"Shading Mode"},"sceneLighting":false,"audioPlay":false,"sceneViewState":{"m_AlwaysRefresh":false,"showFog":true,"showSkybox":false,"showFlares":true,"showImageEffects":true,"showParticleSystems":true,"showVisualEffectGraphs":true,"m_FxEnabled":true},"in2DMode":false,"pivot":{"x":12.517314910888672,"y":-2.238344192504883,"z":13.615166664123536},"rotation":{"x":-0.055623285472393039,"y":0.9439959526062012,"z":-0.2433658093214035,"w":-0.21575865149497987},"size":0.8660253882408142,"orthographic":false}