{"cameraMode":{"drawMode":0,"name":"Shaded","section":"Shading Mode"},"sceneLighting":false,"audioPlay":false,"sceneViewState":{"m_AlwaysRefresh":false,"showFog":true,"showSkybox":false,"showFlares":true,"showImageEffects":true,"showParticleSystems":true,"showVisualEffectGraphs":true,"m_FxEnabled":true},"in2DMode":false,"pivot":{"x":-0.10501394420862198,"y":1.4601393938064576,"z":-4.023881912231445},"rotation":{"x":-0.024056972935795785,"y":-0.974206268787384,"z":0.12637387216091157,"w":-0.18544258177280427},"size":0.8660253882408142,"orthographic":false}