{"cameraMode":{"drawMode":0,"name":"Shaded","section":"Shading Mode"},"sceneLighting":false,"audioPlay":false,"sceneViewState":{"m_AlwaysRefresh":false,"showFog":true,"showSkybox":false,"showFlares":true,"showImageEffects":true,"showParticleSystems":true,"showVisualEffectGraphs":true,"m_FxEnabled":true},"in2DMode":false,"pivot":{"x":0.08731143176555634,"y":1.043115258216858,"z":-3.5496723651885988},"rotation":{"x":0.18197230994701386,"y":-0.6445499062538147,"z":0.16183783113956452,"w":0.7247452735900879},"size":0.8660253882408142,"orthographic":false}